[
    {
      "province": "Aceh (NAD)",
      "cities": [
        "Kabupaten Simeulue",
        "Kabupaten Aceh Singkil",
        "Kabupaten Aceh Selatan",
        "Kabupaten Aceh Tenggara",
        "Kabupaten Aceh Timur",
        "Kabupaten Aceh Tengah",
        "Kabupaten Aceh Barat",
        "Kabupaten Aceh Besar",
        "Kabupaten Pidie",
        "Kabupaten Bireuen",
        "Kabupaten Aceh Utara",
        "Kabupaten Aceh Barat Daya",
        "Kabupaten Gayo Lues",
        "Kabupaten Aceh Tamiang",
        "Kabupaten Nagan Raya",
        "Kabupaten Aceh Jaya",
        "Kabupaten Bener Meriah",
        "Kabupaten Pidie Jaya",
        "Kota Banda Aceh",
        "Kota Sabang",
        "Kota Lhokseumawe",
        "Kota Langsa",
        "Kota Subulussalam"
      ]
    },
    {
      "province": "Sumatera Utara",
      "cities": [
        "Kabupaten Nias",
        "Kabupaten Mandailing Natal",
        "Kabupaten Tapanuli Selatan",
        "Kabupaten Tapanuli Tengah",
        "Kabupaten Tapanuli Utara",
        "Kabupaten Toba Samosir",
        "Kabupaten Labuhan Batu",
        "Kabupaten Asahan",
        "Kabupaten Simalungun",
        "Kabupaten Dairi",
        "Kabupaten Karo",
        "Kabupaten Deliserdang",
        "Kabupaten Langkat",
        "Kabupaten Nias Selatan",
        "Kabupaten Humbang Hasundutan",
        "Kabupaten Pakpak Bharat",
        "Kabupaten Samosir",
        "Kabupaten Serdang Bedagai",
        "Kabupaten Batu Bara",
        "Kabupaten Padang Lawas Utara",
        "Kabupaten Padang Lawas",
        "Kabupaten Labuhan Batu Selatan",
        "Kabupaten Labuhan Batu Utara",
        "Kabupaten Nias Utara",
        "Kabupaten Nias Barat",
        "Kota Sibolga",
        "Kota Tanjung Balai",
        "Kota Pematang Siantar",
        "Kota Tebing Tinggi",
        "Kota Medan",
        "Kota Binjai",
        "Kota Padangsidimpuan",
        "Kota Gunungsitoli"
      ]
    },
    {
      "province": "Sumatera Barat",
      "cities": [
        "Kabupaten Kepulauan Mentawai",
        "Kabupaten Pesisir Selatan",
        "Kabupaten Solok",
        "Kabupaten Sijunjung",
        "Kabupaten Tanah Datar",
        "Kabupaten Padang Pariaman",
        "Kabupaten Agam",
        "Kabupaten Lima Puluh Kota",
        "Kabupaten Pasaman",
        "Kabupaten Solok Selatan",
        "Kabupaten Dharmasraya",
        "Kabupaten Pasaman Barat",
        "Kota Padang",
        "Kota Solok",
        "Kota Sawah Lunto",
        "Kota Padang Panjang",
        "Kota Bukittinggi",
        "Kota Payakumbuh",
        "Kota Pariaman"
      ]
    },
    {
      "province": "Riau",
      "cities": [
        "Kabupaten Kuantan Singingi",
        "Kabupaten Indragiri Hulu",
        "Kabupaten Indragiri Hilir",
        "Kabupaten Pelalawan",
        "Kabupaten S I A K",
        "Kabupaten Kampar",
        "Kabupaten Rokan Hulu",
        "Kabupaten Bengkalis",
        "Kabupaten Rokan Hilir",
        "Kabupaten Kepulauan Meranti",
        "Kota Pekanbaru",
        "Kota Dumai"
      ]
    },
    {
      "province": "Jambi",
      "cities": [
        "Kabupaten Kerinci",
        "Kabupaten Merangin",
        "Kabupaten Sarolangun",
        "Kabupaten Batang Hari",
        "Kabupaten Muaro Jambi",
        "Kabupaten Tanjung Jabung Timur",
        "Kabupaten Tanjung Jabung Barat",
        "Kabupaten Tebo",
        "Kabupaten Bungo",
        "Kota Jambi",
        "Kota Sungai Penuh"
      ]
    },
    {
      "province": "Sumatera Selatan",
      "cities": [
        "Kabupaten Ogan Komering Ulu",
        "Kabupaten Ogan Komering Ilir",
        "Kabupaten Muara Enim",
        "Kabupaten Lahat",
        "Kabupaten Musi Rawas",
        "Kabupaten Musi Banyuasin",
        "Kabupaten Banyuasin",
        "Kabupaten Ogan Komering Ulu Selatan",
        "Kabupaten Ogan Komering Ulu Timur",
        "Kabupaten Ogan Ilir",
        "Kabupaten Empat Lawang",
        "Kabupaten Penukal Abab Lematang Ilir",
        "Kabupaten Musi Rawas Utara",
        "Kota Palembang",
        "Kota Prabumulih",
        "Kota Pagar Alam",
        "Kota Lubuklinggau"
      ]
    },
    {
      "province": "Bengkulu",
      "cities": [
        "Kabupaten Bengkulu Selatan",
        "Kabupaten Rejang Lebong",
        "Kabupaten Bengkulu Utara",
        "Kabupaten Kaur",
        "Kabupaten Seluma",
        "Kabupaten Mukomuko",
        "Kabupaten Lebong",
        "Kabupaten Kepahiang",
        "Kabupaten Bengkulu Tengah",
        "Kota Bengkulu"
      ]
    },
    {
      "province": "Lampung",
      "cities": [
        "Kabupaten Lampung Barat",
        "Kabupaten Tanggamus",
        "Kabupaten Lampung Selatan",
        "Kabupaten Lampung Timur",
        "Kabupaten Lampung Tengah",
        "Kabupaten Lampung Utara",
        "Kabupaten Way Kanan",
        "Kabupaten Tulangbawang",
        "Kabupaten Pesawaran",
        "Kabupaten Pringsewu",
        "Kabupaten Mesuji",
        "Kabupaten Tulang Bawang Barat",
        "Kabupaten Pesisir Barat",
        "Kota Bandar Lampung",
        "Kota Metro"
      ]
    },
    {
      "province": "Kepulauan Bangka Belitung",
      "cities": [
        "Kabupaten Bangka",
        "Kabupaten Belitung",
        "Kabupaten Bangka Barat",
        "Kabupaten Bangka Tengah",
        "Kabupaten Bangka Selatan",
        "Kabupaten Belitung Timur",
        "Kota Pangkal Pinang"
      ]
    },
    {
      "province": "Kepulauan Riau",
      "cities": [
        "Kabupaten Karimun",
        "Kabupaten Bintan",
        "Kabupaten Natuna",
        "Kabupaten Lingga",
        "Kabupaten Kepulauan Anambas",
        "Kota Batam",
        "Kota Tanjung Pinang"
      ]
    },
    {
      "province": "DKI Jakarta",
      "cities": [
        "Kabupaten Kepulauan Seribu",
        "Kota Jakarta Selatan",
        "Kota Jakarta Timur",
        "Kota Jakarta Pusat",
        "Kota Jakarta Barat",
        "Kota Jakarta Utara"
      ]
    },
    {
      "province": "Jawa Barat",
      "cities": [
        "Kabupaten Bogor",
        "Kabupaten Sukabumi",
        "Kabupaten Cianjur",
        "Kabupaten Bandung",
        "Kabupaten Garut",
        "Kabupaten Tasikmalaya",
        "Kabupaten Ciamis",
        "Kabupaten Kuningan",
        "Kabupaten Cirebon",
        "Kabupaten Majalengka",
        "Kabupaten Sumedang",
        "Kabupaten Indramayu",
        "Kabupaten Subang",
        "Kabupaten Purwakarta",
        "Kabupaten Karawang",
        "Kabupaten Bekasi",
        "Kabupaten Bandung Barat",
        "Kabupaten Pangandaran",
        "Kota Bogor",
        "Kota Sukabumi",
        "Kota Bandung",
        "Kota Cirebon",
        "Kota Bekasi",
        "Kota Depok",
        "Kota Cimahi",
        "Kota Tasikmalaya",
        "Kota Banjar"
      ]
    },
    {
      "province": "Jawa Tengah",
      "cities": [
        "Kabupaten Cilacap",
        "Kabupaten Banyumas",
        "Kabupaten Purbalingga",
        "Kabupaten Banjarnegara",
        "Kabupaten Kebumen",
        "Kabupaten Purworejo",
        "Kabupaten Wonosobo",
        "Kabupaten Magelang",
        "Kabupaten Boyolali",
        "Kabupaten Klaten",
        "Kabupaten Sukoharjo",
        "Kabupaten Wonogiri",
        "Kabupaten Karanganyar",
        "Kabupaten Sragen",
        "Kabupaten Grobogan",
        "Kabupaten Blora",
        "Kabupaten Rembang",
        "Kabupaten Pati",
        "Kabupaten Kudus",
        "Kabupaten Jepara",
        "Kabupaten Demak",
        "Kabupaten Semarang",
        "Kabupaten Temanggung",
        "Kabupaten Kendal",
        "Kabupaten Batang",
        "Kabupaten Pekalongan",
        "Kabupaten Pemalang",
        "Kabupaten Tegal",
        "Kabupaten Brebes",
        "Kota Magelang",
        "Kota Surakarta",
        "Kota Salatiga",
        "Kota Semarang",
        "Kota Pekalongan",
        "Kota Tegal"
      ]
    },
    {
      "province": "DI Yogyakarta",
      "cities": [
        "Kabupaten Kulon Progo",
        "Kabupaten Bantul",
        "Kabupaten Gunung Kidul",
        "Kabupaten Sleman",
        "Kota Yogyakarta"
      ]
    },
    {
      "province": "Jawa Timur",
      "cities": [
        "Kabupaten Pacitan",
        "Kabupaten Ponorogo",
        "Kabupaten Trenggalek",
        "Kabupaten Tulungagung",
        "Kabupaten Blitar",
        "Kabupaten Kediri",
        "Kabupaten Malang",
        "Kabupaten Lumajang",
        "Kabupaten Jember",
        "Kabupaten Banyuwangi",
        "Kabupaten Bondowoso",
        "Kabupaten Situbondo",
        "Kabupaten Probolinggo",
        "Kabupaten Pasuruan",
        "Kabupaten Sidoarjo",
        "Kabupaten Mojokerto",
        "Kabupaten Jombang",
        "Kabupaten Nganjuk",
        "Kabupaten Madiun",
        "Kabupaten Magetan",
        "Kabupaten Ngawi",
        "Kabupaten Bojonegoro",
        "Kabupaten Tuban",
        "Kabupaten Lamongan",
        "Kabupaten Gresik",
        "Kabupaten Bangkalan",
        "Kabupaten Sampang",
        "Kabupaten Pamekasan",
        "Kabupaten Sumenep",
        "Kota Kediri",
        "Kota Blitar",
        "Kota Malang",
        "Kota Probolinggo",
        "Kota Pasuruan",
        "Kota Mojokerto",
        "Kota Madiun",
        "Kota Surabaya",
        "Kota Batu"
      ]
    },
    {
      "province": "Banten",
      "cities": [
        "Kabupaten Pandeglang",
        "Kabupaten Lebak",
        "Kabupaten Tangerang",
        "Kabupaten Serang",
        "Kota Tangerang",
        "Kota Cilegon",
        "Kota Serang",
        "Kota Tangerang Selatan"
      ]
    },
    {
      "province": "Bali",
      "cities": [
        "Kabupaten Jembrana",
        "Kabupaten Tabanan",
        "Kabupaten Badung",
        "Kabupaten Gianyar",
        "Kabupaten Klungkung",
        "Kabupaten Bangli",
        "Kabupaten Karang Asem",
        "Kabupaten Buleleng",
        "Kota Denpasar"
      ]
    },
    {
      "province": "Nusa Tenggara Barat",
      "cities": [
        "Kabupaten Lombok Barat",
        "Kabupaten Lombok Tengah",
        "Kabupaten Lombok Timur",
        "Kabupaten Sumbawa",
        "Kabupaten Dompu",
        "Kabupaten Bima",
        "Kabupaten Sumbawa Barat",
        "Kabupaten Lombok Utara",
        "Kota Mataram",
        "Kota Bima"
      ]
    },
    {
      "province": "Nusa Tenggara Timur",
      "cities": [
        "Kabupaten Sumba Barat",
        "Kabupaten Sumba Timur",
        "Kabupaten Kupang",
        "Kabupaten Timor Tengah Selatan",
        "Kabupaten Timor Tengah Utara",
        "Kabupaten Belu",
        "Kabupaten Alor",
        "Kabupaten Flores Timur",
        "Kabupaten Sikka",
        "Kabupaten Ende",
        "Kabupaten Ngada",
        "Kabupaten Manggarai",
        "Kabupaten Rote Ndao",
        "Kabupaten Manggarai Barat",
        "Kabupaten Sumba Tengah",
        "Kabupaten Sumba Barat Daya",
        "Kabupaten Nagekeo",
        "Kabupaten Manggarai Timur",
        "Kabupaten Sabu Raijua",
        "Kabupaten Malaka",
        "Kota Kupang"
      ]
    },
    {
      "province": "Kalimantan Barat",
      "cities": [
        "Kabupaten Sambas",
        "Kabupaten Mempawah",
        "Kabupaten Sanggau",
        "Kabupaten Ketapang",
        "Kabupaten Sintang",
        "Kabupaten Kapuas Hulu",
        "Kabupaten Bengkayang",
        "Kabupaten Landak",
        "Kabupaten Sekadau",
        "Kabupaten Melawi",
        "Kabupaten Kayong Utara",
        "Kabupaten Kubu Raya",
        "Kota Pontianak",
        "Kota Singkawang"
      ]
    },
    {
      "province": "Kalimantan Tengah",
      "cities": [
        "Kabupaten Kotawaringin Barat",
        "Kabupaten Kotawaringin Timur",
        "Kabupaten Kapuas",
        "Kabupaten Barito Selatan",
        "Kabupaten Barito Utara",
        "Kabupaten Sukamara",
        "Kabupaten Lamandau",
        "Kabupaten Seruyan",
        "Kabupaten Katingan",
        "Kabupaten Pulang Pisau",
        "Kabupaten Gunung Mas",
        "Kabupaten Barito Timur",
        "Kabupaten Murung Raya",
        "Kota Palangka Raya"
      ]
    },
    {
      "province": "Kalimantan Selatan",
      "cities": [
        "Kabupaten Tanah Laut",
        "Kabupaten Kota Baru",
        "Kabupaten Banjar",
        "Kabupaten Barito Kuala",
        "Kabupaten Tapin",
        "Kabupaten Hulu Sungai Selatan",
        "Kabupaten Hulu Sungai Tengah",
        "Kabupaten Hulu Sungai Utara",
        "Kabupaten Tabalong",
        "Kabupaten Tanah Bumbu",
        "Kabupaten Balangan",
        "Kota Banjarmasin",
        "Kota Banjarbaru"
      ]
    },
    {
      "province": "Kalimantan Timur",
      "cities": [
        "Kabupaten Paser",
        "Kabupaten Kutai Barat",
        "Kabupaten Kutai Kartanegara",
        "Kabupaten Kutai Timur",
        "Kabupaten Berau",
        "Kabupaten Penajam Paser Utara",
        "Kota Balikpapan",
        "Kota Samarinda",
        "Kota Bontang"
      ]
    },
    {
      "province": "Kalimantan Utara",
      "cities": [
        "Kabupaten Malinau",
        "Kabupaten Bulungan",
        "Kabupaten Tana Tidung",
        "Kabupaten Nunukan",
        "Kota Tarakan"
      ]
    },
    {
      "province": "Sulawesi Utara",
      "cities": [
        "Kabupaten Bolaang Mongondow",
        "Kabupaten Minahasa",
        "Kabupaten Kepulauan Sangihe",
        "Kabupaten Kepulauan Talaud",
        "Kabupaten Minahasa Selatan",
        "Kabupaten Minahasa Utara",
        "Kabupaten Bolaang Mongondow Utara",
        "Kabupaten Siau Tagulandang Biaro (Sitaro)",
        "Kabupaten Minahasa Tenggara",
        "Kabupaten Bolaang Mongondow Selatan",
        "Kabupaten Bolaang Mongondow Timur",
        "Kota Manado",
        "Kota Bitung",
        "Kota Tomohon",
        "Kota Kotamobagu"
      ]
    },
    {
      "province": "Sulawesi Tengah",
      "cities": [
        "Kabupaten Banggai",
        "Kabupaten Poso",
        "Kabupaten Donggala",
        "Kabupaten Toli-Toli",
        "Kabupaten Buol",
        "Kabupaten Morowali",
        "Kabupaten Banggai Kepulauan",
        "Kabupaten Parigi Moutong",
        "Kabupaten Tojo Una-Una",
        "Kabupaten Sigi",
        "Kota Palu"
      ]
    },
    {
      "province": "Sulawesi Selatan",
      "cities": [
        "Kabupaten Kepulauan Selayar",
        "Kabupaten Bulukumba",
        "Kabupaten Bantaeng",
        "Kabupaten Jeneponto",
        "Kabupaten Takalar",
        "Kabupaten Gowa",
        "Kabupaten Sinjai",
        "Kabupaten Bone",
        "Kabupaten Maros",
        "Kabupaten Pangkajene Dan Kepulauan",
        "Kabupaten Barru",
        "Kabupaten Soppeng",
        "Kabupaten Wajo",
        "Kabupaten Sidenreng Rappang",
        "Kabupaten Pinrang",
        "Kabupaten Enrekang",
        "Kabupaten Luwu",
        "Kabupaten Tana Toraja",
        "Kabupaten Luwu Utara",
        "Kabupaten Luwu Timur",
        "Kabupaten Toraja Utara",
        "Kota Makassar",
        "Kota Parepare",
        "Kota Palu"
      ]
    },
    {
      "province": "Sulawesi Tenggara",
      "cities": [
        "Kabupaten Buton",
        "Kabupaten Muna",
        "Kabupaten Konawe",
        "Kabupaten Kolaka",
        "Kabupaten Konawe Selatan",
        "Kabupaten Bombana",
        "Kabupaten Wakatobi",
        "Kabupaten Kolaka Utara",
        "Kabupaten Buton Utara",
        "Kabupaten Konawe Utara",
        "Kabupaten Kolaka Timur",
        "Kabupaten Konawe Kepulauan",
        "Kabupaten Muna Barat",
        "Kabupaten Buton Tengah",
        "Kabupaten Buton Selatan",
        "Kota Kendari",
        "Kota Baubau"
      ]
    },
    {
      "province": "Gorontalo",
      "cities": [
        "Kabupaten Boalemo",
        "Kabupaten Gorontalo",
        "Kabupaten Pohuwato",
        "Kabupaten Bone Bolango",
        "Kabupaten Gorontalo Utara",
        "Kota Gorontalo"
      ]
    },
    {
      "province": "Sulawesi Barat",
      "cities": [
        "Kabupaten Majene",
        "Kabupaten Polewali Mandar",
        "Kabupaten Mamasa",
        "Kabupaten Mamuju",
        "Kabupaten Mamuju Utara",
        "Kabupaten Mamuju Tengah"
      ]
    },
    {
      "province": "Maluku",
      "cities": [
        "Kabupaten Maluku Tenggara Barat",
        "Kabupaten Maluku Tenggara",
        "Kabupaten Maluku Tengah",
        "Kabupaten Buru",
        "Kabupaten Kepulauan Aru",
        "Kabupaten Seram Bagian Barat",
        "Kabupaten Seram Bagian Timur",
        "Kabupaten Maluku Barat Daya",
        "Kabupaten Buru Selatan",
        "Kota Ambon",
        "Kota Tual"
      ]
    },
    {
      "province": "Maluku Utara",
      "cities": [
        "Kabupaten Halmahera Barat",
        "Kabupaten Halmahera Tengah",
        "Kabupaten Kepulauan Sula",
        "Kabupaten Halmahera Selatan",
        "Kabupaten Halmahera Utara",
        "Kabupaten Halmahera Timur",
        "Kabupaten Pulau Morotai",
        "Kabupaten Pulau Taliabu",
        "Kota Ternate",
        "Kota Tidore Kepulauan"
      ]
    },
    {
      "province": "Papua",
      "cities": [
        "Kabupaten Sarmi",
        "Kabupaten Keerom",
        "Kabupaten Waropen",
        "Kabupaten Supiori",
        "Kabupaten Mamberamo Raya",
        "Kota Jayapura"
      ]
    },
    {
      "province": "Papua Barat",
      "cities": [
        "Kabupaten Fakfak",
        "Kabupaten Kaimana",
        "Kabupaten Teluk Wondama",
        "Kabupaten Teluk Bintuni",
        "Kabupaten Manokwari",
        "Kabupaten Sorong Selatan",
        "Kabupaten Sorong",
        "Kabupaten Raja Ampat",
        "Kabupaten Tambrauw",
        "Kabupaten Maybrat",
        "Kabupaten Manokwari Selatan",
        "Kabupaten Pegunungan Arfak",
        "Kota Sorong"
      ]
    },
    {
      "province": "Papua Selatan",
      "cities": [
        "Kabupaten Asmat",
        "Kabupaten Boven Digoel",
        "Kabupaten Mappi",
        "Kabupaten Merauke"
      ]
    },
    {
      "province": "Papua Tengah",
      "cities": [
        "Kabupaten Deiyai (Deliyai)",
        "Kabupaten Dogiyai",
        "Kabupaten Intan Jaya",
        "Kabupaten Mimika",
        "Kabupaten Nabire",
        "Kabupaten Paniai",
        "Kabupaten Puncak",
        "Kabupaten Puncak Jaya"
      ]
    },
    {
      "province": "Papua Pegunungan",
      "cities": [
        "Kabupaten Jayawijaya",
        "Kabupaten Lanny Jaya",
        "Kabupaten Mamberamo Tengah",
        "Kabupaten Nduga",
        "Kabupaten Pegunungan Bintang",
        "Kabupaten Tolikara",
        "Kabupaten Yahukimo",
        "Kabupaten Yalimo"
      ]
    },
    {
      "province": "Papua Barat Daya",
      "cities": [
        "Kabupaten Maybrat",
        "Kabupaten Raja Ampat",
        "Kabupaten Sorong",
        "Kabupaten Sorong Selatan",
        "Kabupaten Tambrauw",
        "Kota Sorong"
      ]
    }
  ]